accuracy,balanced_accuracy,macro_f1,weighted_f1,subset,protocol,method,heldout_group,n_train,n_test
1.0,1.0,1.0,1.0,class_balanced,board_lobo,frequency_only_lr,C01,2708,557
0.9724919093851133,0.9721311475409836,0.9729223823036042,0.9722939660174641,class_balanced,board_lobo,frequency_only_lr,C02,2647,618
0.9786780383795309,0.9782608695652174,0.9791599527339134,0.9785635150063412,class_balanced,board_lobo,frequency_only_lr,C03,2796,469
0.978125,0.9816993464052288,0.9818220018488948,0.9780703079040256,class_balanced,board_lobo,frequency_only_lr,W01,2625,640
0.9734982332155477,0.9794520547945206,0.9776754222166895,0.9735422213756945,class_balanced,board_lobo,frequency_only_lr,W02,2699,566
0.9734939759036144,0.9584905660377359,0.9673182957393485,0.9725905124256424,class_balanced,board_lobo,frequency_only_lr,W03,2850,415
0.9748653500897666,0.9569377455894644,0.9576420484587412,0.9748139241022485,class_balanced,board_lobo,frequency_plus_v62a_lr,C01,2708,557
0.9449838187702265,0.9425139207094186,0.9457186383936402,0.9457714258924297,class_balanced,board_lobo,frequency_plus_v62a_lr,C02,2647,618
0.9509594882729211,0.9526696913141925,0.9513710774632435,0.9516835880786044,class_balanced,board_lobo,frequency_plus_v62a_lr,C03,2796,469
0.93125,0.9357829549006018,0.9380094895955379,0.9315671440599737,class_balanced,board_lobo,frequency_plus_v62a_lr,W01,2625,640
0.9628975265017667,0.9604780627719208,0.9632891195688638,0.9629273291957321,class_balanced,board_lobo,frequency_plus_v62a_lr,W02,2699,566
0.9590361445783132,0.9492882444569928,0.9548378141441324,0.9586776395464104,class_balanced,board_lobo,frequency_plus_v62a_lr,W03,2850,415
0.9138240574506283,0.8900917676390826,0.875106038176785,0.9171288873803115,class_balanced,board_lobo,v61_knn,C01,2708,557
0.9239482200647249,0.9224046310919324,0.9218997895954552,0.9227975094705985,class_balanced,board_lobo,v61_knn,C02,2647,618
0.9509594882729211,0.9485870457737466,0.9495888657007491,0.9507059289544275,class_balanced,board_lobo,v61_knn,C03,2796,469
0.896875,0.8995489404211513,0.9046760909583075,0.8979619825852238,class_balanced,board_lobo,v61_knn,W01,2625,640
0.8533568904593639,0.8683255648703764,0.8633849644782652,0.8523682408348534,class_balanced,board_lobo,v61_knn,W02,2699,566
0.9132530120481928,0.8930091422145633,0.8988779547400473,0.9115476511622181,class_balanced,board_lobo,v61_knn,W03,2850,415
0.9587073608617595,0.9358775352222779,0.9391688694119965,0.9585100605540816,class_balanced,board_lobo,v62a_knn,C01,2708,557
0.9514563106796117,0.9513875481015193,0.9522790876551488,0.9515631937252688,class_balanced,board_lobo,v62a_knn,C02,2647,618
0.9530916844349681,0.954386890959781,0.9548115460527337,0.9535882560316177,class_balanced,board_lobo,v62a_knn,C03,2796,469
0.921875,0.9242847426924505,0.9255804597836754,0.922082644811019,class_balanced,board_lobo,v62a_knn,W01,2625,640
0.9522968197879859,0.9482411897271836,0.952558238045162,0.9521730434797768,class_balanced,board_lobo,v62a_knn,W02,2699,566
0.944578313253012,0.933123313925865,0.9405622524199145,0.9443807559343715,class_balanced,board_lobo,v62a_knn,W03,2850,415
0.9537712895377128,0.9424242424242424,0.943952802359882,0.9524757947017491,class_balanced,material_lomo,frequency_only_lr,carbon,1621,1644
0.9309068476249229,0.9361577181208054,0.9369679319343749,0.9288476527162152,class_balanced,material_lomo,frequency_only_lr,wood,1644,1621
0.9464720194647201,0.9424950570027052,0.9456140302824185,0.9464844234901032,class_balanced,material_lomo,frequency_plus_v62a_lr,carbon,1621,1644
0.9494139420111043,0.950942756083973,0.9531270709223708,0.9498416982116596,class_balanced,material_lomo,frequency_plus_v62a_lr,wood,1644,1621
0.9063260340632603,0.9022398250438661,0.9007194761134176,0.9052612474448302,class_balanced,material_lomo,v61_knn,carbon,1621,1644
0.8642813078346699,0.8737135776034897,0.8719940374490533,0.8641725775925426,class_balanced,material_lomo,v61_knn,wood,1644,1621
0.9428223844282239,0.9379720012582032,0.942120005921268,0.9429194734920561,class_balanced,material_lomo,v62a_knn,carbon,1621,1644
0.9284392350400987,0.9287294989070741,0.9307528811511373,0.9287879809703927,class_balanced,material_lomo,v62a_knn,wood,1644,1621
0.9707241910631741,0.971228473019518,0.9712084032889923,0.9707254513760991,class_balanced,stratified,frequency_only_lr,validation,2616,649
0.9553158705701078,0.955839623225146,0.9556721615838732,0.9552953729746247,class_balanced,stratified,frequency_plus_v62a_lr,validation,2616,649
0.9506933744221879,0.9508737559250682,0.9508238749725516,0.9505995779542766,class_balanced,stratified,v61_knn,validation,2616,649
0.9414483821263482,0.9417667511627295,0.9416441436211,0.9415143506411435,class_balanced,stratified,v62a_knn,validation,2616,649
1.0,1.0,1.0,1.0,class_material_balanced,board_lobo,frequency_only_lr,C01,2327,473
0.9682835820895522,0.974436090225564,0.973417624872112,0.9682259484564442,class_material_balanced,board_lobo,frequency_only_lr,C02,2264,536
0.9769820971867008,0.9802197802197803,0.9803646064917741,0.976914547983247,class_material_balanced,board_lobo,frequency_only_lr,C03,2409,391
0.9619565217391305,0.9671875,0.9642553191489363,0.9619565217391305,class_material_balanced,board_lobo,frequency_only_lr,W01,2248,552
0.9565217391304348,0.9631578947368421,0.9599918350683814,0.9564596146507273,class_material_balanced,board_lobo,frequency_only_lr,W02,2317,483
0.9780821917808219,0.9578947368421054,0.9665940450254176,0.9773340893942559,class_material_balanced,board_lobo,frequency_only_lr,W03,2435,365
0.9661733615221987,0.9525343167701863,0.9564100393334265,0.9656171028195853,class_material_balanced,board_lobo,frequency_plus_v62a_lr,C01,2327,473
0.9440298507462687,0.9400465274252884,0.9462015114878287,0.9443965165919972,class_material_balanced,board_lobo,frequency_plus_v62a_lr,C02,2264,536
0.9437340153452686,0.9512124673414994,0.945702420323211,0.9449103828666798,class_material_balanced,board_lobo,frequency_plus_v62a_lr,C03,2409,391
0.9492753623188406,0.9491309778285941,0.9505690066311405,0.9494983451368739,class_material_balanced,board_lobo,frequency_plus_v62a_lr,W01,2248,552
0.9585921325051759,0.9560360419043328,0.9580997357277594,0.9585687041436778,class_material_balanced,board_lobo,frequency_plus_v62a_lr,W02,2317,483
0.9616438356164384,0.9431544771018455,0.9507748940279568,0.9609294946676362,class_material_balanced,board_lobo,frequency_plus_v62a_lr,W03,2435,365
0.8942917547568711,0.8630300724637682,0.8519897953614428,0.8955471851667165,class_material_balanced,board_lobo,v61_knn,C01,2327,473
0.9328358208955224,0.928262695653906,0.9272055938484037,0.9326362626727174,class_material_balanced,board_lobo,v61_knn,C02,2264,536
0.9437340153452686,0.9435970481131772,0.9434994514977504,0.9432827109682348,class_material_balanced,board_lobo,v61_knn,C03,2409,391
0.8913043478260869,0.8911705320348873,0.8950396418208484,0.8930254359373121,class_material_balanced,board_lobo,v61_knn,W01,2248,552
0.8881987577639752,0.8956004499809866,0.8937627323637176,0.88796612432264,class_material_balanced,board_lobo,v61_knn,W02,2317,483
0.9068493150684932,0.869216602111339,0.8820112260552504,0.9050484858688357,class_material_balanced,board_lobo,v61_knn,W03,2435,365
0.9408033826638478,0.9257307280883367,0.9309935607530113,0.9400071820676194,class_material_balanced,board_lobo,v62a_knn,C01,2327,473
0.9458955223880597,0.9431406354857732,0.9456182626054327,0.9459628942250319,class_material_balanced,board_lobo,v62a_knn,C02,2264,536
0.9411764705882353,0.9440669247120861,0.9405948254215515,0.9414851307630463,class_material_balanced,board_lobo,v62a_knn,C03,2409,391
0.927536231884058,0.9292661292949169,0.9286826420976023,0.9277460808279636,class_material_balanced,board_lobo,v62a_knn,W01,2248,552
0.9565217391304348,0.9523654810360125,0.9551667094605725,0.9563060874870647,class_material_balanced,board_lobo,v62a_knn,W02,2317,483
0.9424657534246575,0.9252829042302727,0.9307556879739977,0.9420832741443391,class_material_balanced,board_lobo,v62a_knn,W03,2435,365
0.9421428571428572,0.9421428571428571,0.9409065297893754,0.9409065297893753,class_material_balanced,material_lomo,frequency_only_lr,carbon,1400,1400
0.945,0.945,0.9439401178531612,0.9439401178531613,class_material_balanced,material_lomo,frequency_only_lr,wood,1400,1400
0.9442857142857143,0.9442857142857143,0.9445256516100878,0.9445256516100877,class_material_balanced,material_lomo,frequency_plus_v62a_lr,carbon,1400,1400
0.9507142857142857,0.9507142857142856,0.9513138503253131,0.951313850325313,class_material_balanced,material_lomo,frequency_plus_v62a_lr,wood,1400,1400
0.8971428571428571,0.8971428571428571,0.8956053220931803,0.8956053220931803,class_material_balanced,material_lomo,v61_knn,carbon,1400,1400
0.87,0.8700000000000001,0.8691675513388339,0.869167551338834,class_material_balanced,material_lomo,v61_knn,wood,1400,1400
0.9385714285714286,0.9385714285714286,0.9389091798338691,0.9389091798338691,class_material_balanced,material_lomo,v62a_knn,carbon,1400,1400
0.935,0.9349999999999999,0.9356698316796994,0.9356698316796993,class_material_balanced,material_lomo,v62a_knn,wood,1400,1400
0.9768270944741533,0.9760067969413765,0.9760287213476941,0.9768251253703761,class_material_balanced,stratified,frequency_only_lr,validation,2239,561
0.9554367201426025,0.9547263097415474,0.9547101346728644,0.9554857659715565,class_material_balanced,stratified,frequency_plus_v62a_lr,validation,2239,561
0.93048128342246,0.929110342116234,0.9291497789698188,0.9303797413480563,class_material_balanced,stratified,v61_knn,validation,2239,561
0.9322638146167558,0.9320151349621077,0.9319377733600824,0.9323550851655173,class_material_balanced,stratified,v62a_knn,validation,2239,561
1.0,1.0,1.0,1.0,class_material_freqmatched,board_lobo,frequency_only_lr,C01,750,170
1.0,1.0,1.0,1.0,class_material_freqmatched,board_lobo,frequency_only_lr,C02,750,170
1.0,1.0,1.0,1.0,class_material_freqmatched,board_lobo,frequency_only_lr,C03,795,125
0.9887005649717514,0.9902439024390244,0.9903488372093022,0.9886907108132965,class_material_freqmatched,board_lobo,frequency_only_lr,W01,743,177
0.9818181818181818,0.9857142857142858,0.9824231010671689,0.9819437310962734,class_material_freqmatched,board_lobo,frequency_only_lr,W02,755,165
0.9734513274336283,0.96,0.9638242894056848,0.9729025176648144,class_material_freqmatched,board_lobo,frequency_only_lr,W03,807,113
0.9764705882352941,0.9681904761904763,0.9620227850176214,0.9770885703679061,class_material_freqmatched,board_lobo,frequency_plus_v62a_lr,C01,750,170
0.9411764705882353,0.9428990364474235,0.9433752689566642,0.9416989395101569,class_material_freqmatched,board_lobo,frequency_plus_v62a_lr,C02,750,170
0.936,0.9381561996779387,0.9389580192368159,0.9387044351100112,class_material_freqmatched,board_lobo,frequency_plus_v62a_lr,C03,795,125
0.943502824858757,0.947995514437903,0.9501221001221001,0.9440736601753551,class_material_freqmatched,board_lobo,frequency_plus_v62a_lr,W01,743,177
0.9636363636363636,0.9606177606177606,0.9620826634782309,0.9635809758301217,class_material_freqmatched,board_lobo,frequency_plus_v62a_lr,W02,755,165
0.9292035398230089,0.9128735632183907,0.9228314375682796,0.9280035805420063,class_material_freqmatched,board_lobo,frequency_plus_v62a_lr,W03,807,113
0.8764705882352941,0.8331062271062273,0.7911644403569018,0.8680509248089456,class_material_freqmatched,board_lobo,v61_knn,C01,750,170
0.9294117647058824,0.9270562770562771,0.9284190385885301,0.9280807261864092,class_material_freqmatched,board_lobo,v61_knn,C02,750,170
0.936,0.9390821256038647,0.9391726026981944,0.9368761291247921,class_material_freqmatched,board_lobo,v61_knn,C03,795,125
0.8418079096045198,0.8534197789874829,0.8586223580341228,0.84396169356289,class_material_freqmatched,board_lobo,v61_knn,W01,743,177
0.8242424242424242,0.8337307896131426,0.8332978398053026,0.830502510404817,class_material_freqmatched,board_lobo,v61_knn,W02,755,165
0.8761061946902655,0.8331034482758621,0.8353232410867466,0.8652648777174167,class_material_freqmatched,board_lobo,v61_knn,W03,807,113
0.9647058823529412,0.9524627264627265,0.9485690601176062,0.9650352358676689,class_material_freqmatched,board_lobo,v62a_knn,C01,750,170
0.9705882352941176,0.9727272727272727,0.9708996545511643,0.9711287222282179,class_material_freqmatched,board_lobo,v62a_knn,C02,750,170
0.952,0.9570450885668278,0.9551284637602337,0.952095312553112,class_material_freqmatched,board_lobo,v62a_knn,C03,795,125
0.9322033898305084,0.9371583840885774,0.9391317553681009,0.9331375853391237,class_material_freqmatched,board_lobo,v62a_knn,W01,743,177
0.9454545454545454,0.940926640926641,0.9448028799453088,0.9452744846257181,class_material_freqmatched,board_lobo,v62a_knn,W02,755,165
0.9380530973451328,0.9264367816091955,0.931010404422968,0.938311214255142,class_material_freqmatched,board_lobo,v62a_knn,W03,807,113
1.0,1.0,1.0,1.0,class_material_freqmatched,material_lomo,frequency_only_lr,carbon,455,465
0.9824175824175824,0.9836734693877551,0.9829787234042554,0.9824175824175824,class_material_freqmatched,material_lomo,frequency_only_lr,wood,465,455
0.9483870967741935,0.9486672024719291,0.9488836081562362,0.9486914809871464,class_material_freqmatched,material_lomo,frequency_plus_v62a_lr,carbon,455,465
0.9186813186813186,0.9181849546262422,0.9189657558176222,0.9179523999321739,class_material_freqmatched,material_lomo,frequency_plus_v62a_lr,wood,465,455
0.8666666666666667,0.8611914550699188,0.8594881008635606,0.8627549033066347,class_material_freqmatched,material_lomo,v61_knn,carbon,455,465
0.7846153846153846,0.7829833140468103,0.7767086142674049,0.7744015934678352,class_material_freqmatched,material_lomo,v61_knn,wood,465,455
0.9591397849462365,0.9588439280886515,0.9595900335959797,0.9593393882271873,class_material_freqmatched,material_lomo,v62a_knn,carbon,455,465
0.9340659340659341,0.9340712687069805,0.9349571637866717,0.9346486159649304,class_material_freqmatched,material_lomo,v62a_knn,wood,465,455
0.9949494949494949,0.9952380952380953,0.9945134383688601,0.9949579202591251,class_material_freqmatched,stratified,frequency_only_lr,validation,722,198
0.9595959595959596,0.9533959899749374,0.9571667564559856,0.9593025486956597,class_material_freqmatched,stratified,frequency_plus_v62a_lr,validation,722,198
0.9343434343434344,0.931639063875906,0.9308795007481585,0.9337826485114542,class_material_freqmatched,stratified,v61_knn,validation,722,198
0.9494949494949495,0.9413126566416039,0.9420210603446891,0.9483071193018544,class_material_freqmatched,stratified,v62a_knn,validation,722,198
