protocol,n_components,k,n_folds,macro_f1_mean,macro_f1_std,balanced_accuracy_mean,accuracy_mean,weighted_f1_mean,explained_variance_ratio_sum_mean,worst_group,worst_group_macro_f1,best_group,best_group_macro_f1
board_lobo,128,10,6,0.9365403825827204,0.01660671540287408,0.9274026718910391,0.9701257772975369,0.9700625369414421,0.9956964651743571,W01,0.9081544662862113,C03,0.9578397095957246
board_lobo,256,10,6,0.9358496788655687,0.016461627235919808,0.927471751155098,0.9697380313744958,0.969693629478427,0.997918556133906,W01,0.9079610529702855,C03,0.9568787325554176
board_lobo,512,10,6,0.935759990056172,0.016614090013345486,0.9274535759460831,0.969669132380421,0.9696287631537447,0.9993349115053812,W01,0.9074229201139055,C03,0.9568787325554176
material_lomo,128,10,2,0.9351413437684891,0.004152382566448343,0.9266974749507204,0.969150133623106,0.9691221838574181,0.9961011111736298,wood,0.9309889612020408,carbon,0.9392937263349375
material_lomo,256,10,2,0.9349149742700502,0.0049641516257268314,0.9274164478815865,0.9689798885962242,0.9689709971660131,0.998179167509079,wood,0.9299508226443234,carbon,0.939879125895777
material_lomo,512,10,2,0.9350595912905639,0.005138045269683977,0.927697346757991,0.9690546381851015,0.9690445152706897,0.9994485080242157,wood,0.92992154602088,carbon,0.9401976365602479
stratified,128,10,1,0.9327597259699967,0.0,0.9242105262752405,0.9714175357280803,0.9712512638295655,0.9956126809120178,validation,0.9327597259699967,validation,0.9327597259699967
stratified,256,10,1,0.9335396032435874,0.0,0.9243093893498822,0.9718037852452684,0.9716310015094565,0.9978694319725037,validation,0.9335396032435874,validation,0.9335396032435874
stratified,512,10,1,0.9335396032435874,0.0,0.9243093893498822,0.9718037852452684,0.9716310015094565,0.9993159770965576,validation,0.9335396032435874,validation,0.9335396032435874
